table_name,district,hashtags,source
bus_tram_stops,Charlottenburg-Wilmersdorf,"#low-coverage,#high-quality,#stop-density-low,#limited-reach,#localized-service,#concentrated-service",sultan-bus_tram_stops-llm
bus_tram_stops,Friedrichshain-Kreuzberg,"#low-coverage,#high-quality-service,#stop-sparse,#neighborhood-limited,#potential-expansion",sultan-bus_tram_stops-llm
bus_tram_stops,Lichtenberg,"#low-stops-per-capita,#low-coverage,#high-service-quality,#limited-neighborhood-access,#dense-stop-concentration",sultan-bus_tram_stops-llm
bus_tram_stops,Marzahn-Hellersdorf,"#low-coverage,#high-quality-service,#sparse-stops,#limited-reach,#few-neighborhoods",sultan-bus_tram_stops-llm
bus_tram_stops,Mitte,"#low-coverage,#high-quality,#few-neighborhoods,#adequate-stops",sultan-bus_tram_stops-llm
bus_tram_stops,Neukölln,"#low-coverage-low-density,#high-quality-service,#limited-neighborhoods,#inadequate-access",sultan-bus_tram_stops-llm
bus_tram_stops,Pankow,"#low-density-coverage,#high-service-quality,#limited-reach,#stop-rich",sultan-bus_tram_stops-llm
bus_tram_stops,Reinickendorf,"#low-coverage,#high-quality-service,#stop-distribution-issue,#neighborhood-access-gap",sultan-bus_tram_stops-llm
bus_tram_stops,Spandau,"#low-coverage-but-high-quality,#poor-per-capita-access,#limited-neighborhood-reach,#high-service-standard",sultan-bus_tram_stops-llm
bus_tram_stops,Steglitz-Zehlendorf,"#low-coverage,#high-quality-service,#stop-limited,#neighborhood-focused,#sparse-accessibility",sultan-bus_tram_stops-llm
bus_tram_stops,Tempelhof-Schöneberg,"#low-coverage,#high-quality,#limited-reach,#few-neighborhoods,#stop-density-issue,#service-excellence",sultan-bus_tram_stops-llm
bus_tram_stops,Treptow-Köpenick,"#low-coverage-high-quality,#high-service-per-capita,#stop-heavy-neighborhoods,#314-stops-10-neighborhoods",sultan-bus_tram_stops-llm
bus_tram_stops,Charlottenburg-Wilmersdorf,,sultan-bus_tram_stops-react
bus_tram_stops,Friedrichshain-Kreuzberg,#has-outliers-1,sultan-bus_tram_stops-react
bus_tram_stops,Lichtenberg,#good-coverage,sultan-bus_tram_stops-react
bus_tram_stops,Marzahn-Hellersdorf,#well-served,sultan-bus_tram_stops-react
bus_tram_stops,Mitte,,sultan-bus_tram_stops-react
bus_tram_stops,Neukölln,,sultan-bus_tram_stops-react
bus_tram_stops,Pankow,#good-coverage,sultan-bus_tram_stops-react
bus_tram_stops,Reinickendorf,#well-served,sultan-bus_tram_stops-react
bus_tram_stops,Spandau,#well-served,sultan-bus_tram_stops-react
bus_tram_stops,Steglitz-Zehlendorf,,sultan-bus_tram_stops-react
bus_tram_stops,Tempelhof-Schöneberg,,sultan-bus_tram_stops-react
bus_tram_stops,Treptow-Köpenick,#good-coverage,sultan-bus_tram_stops-react
bus_tram_stops,Charlottenburg-Wilmersdorf,,sultan-bus_tram_stops-rule_based
bus_tram_stops,Friedrichshain-Kreuzberg,#well-served,sultan-bus_tram_stops-rule_based
bus_tram_stops,Lichtenberg,#good-coverage,sultan-bus_tram_stops-rule_based
bus_tram_stops,Marzahn-Hellersdorf,#well-served,sultan-bus_tram_stops-rule_based
bus_tram_stops,Mitte,#good-coverage,sultan-bus_tram_stops-rule_based
bus_tram_stops,Neukölln,,sultan-bus_tram_stops-rule_based
bus_tram_stops,Pankow,#good-coverage,sultan-bus_tram_stops-rule_based
bus_tram_stops,Reinickendorf,"#well-served,#good-coverage",sultan-bus_tram_stops-rule_based
bus_tram_stops,Spandau,#well-served,sultan-bus_tram_stops-rule_based
bus_tram_stops,Steglitz-Zehlendorf,#well-served,sultan-bus_tram_stops-rule_based
bus_tram_stops,Tempelhof-Schöneberg,#good-coverage,sultan-bus_tram_stops-rule_based
bus_tram_stops,Treptow-Köpenick,"#well-served,#good-coverage",sultan-bus_tram_stops-rule_based
crime_statistics,Lichtenberg,"#low-crime,#high-volume,#safe-district,#statistical-anomaly,#zero-per-capita",sultan-crime_statistics-llm
crime_statistics,Friedrichshain-Kreuzberg,"#low-crime,#high-incident,#large-dataset,#data-heavy,#statistically-insignificant,#outlier-data",sultan-crime_statistics-llm
crime_statistics,Neukölln,"#low-crime,#zero-crime-per-capita,#high-incident-volume",sultan-crime_statistics-llm
crime_statistics,Tempelhof-Schöneberg,"#low-crime,#high-incident-volume,#statistically-safe,#virtually-crime-free",sultan-crime_statistics-llm
crime_statistics,Marzahn-Hellersdorf,"#low-crime,#high-volume,#crime-data,#statistical-district,#unusual-pattern,#data-analysis",sultan-crime_statistics-llm
crime_statistics,Charlottenburg-Wilmersdorf,"#low-crime,#high-volume,#data-rich,#statistical-anomaly,#unusual-data,#crime-analysis",sultan-crime_statistics-llm
crime_statistics,Mitte,"#low-crime,#high-volume,#low-per-capita-crime,#eventful-district,#statistically-safe,#numerous-incidents",sultan-crime_statistics-llm
crime_statistics,Pankow,"#low-crime,#high-volume,#statistical-anomaly,#data-driven,#incident-focused,#reporting-heavy",sultan-crime_statistics-llm
crime_statistics,Reinickendorf,"#low-crime-rate,#high-incident-volume,#statistically-safe,#data-heavy",sultan-crime_statistics-llm
crime_statistics,Steglitz-Zehlendorf,"#low-crime,#high-incidence,#statistical-anomaly,#data-driven-analysis,#crime-reporting,#large-dataset",sultan-crime_statistics-llm
crime_statistics,Treptow-Köpenick,"#low-crime,#zero-crime,#high-incident-volume",sultan-crime_statistics-llm
crime_statistics,Spandau,"#low-crime,#high-incident-rate,#unusually-low-per-capita,#statistically-anomalous",sultan-crime_statistics-llm
crime_statistics,Lichtenberg,"#low-variability,#medium-variability",sultan-crime_statistics-react
crime_statistics,Friedrichshain-Kreuzberg,"#well-served,#low-variability",sultan-crime_statistics-react
crime_statistics,Neukölln,"#well-served,#medium-variability",sultan-crime_statistics-react
crime_statistics,Tempelhof-Schöneberg,#medium-variability,sultan-crime_statistics-react
crime_statistics,Marzahn-Hellersdorf,"#well-served,#medium-variability",sultan-crime_statistics-react
crime_statistics,Charlottenburg-Wilmersdorf,#well-served,sultan-crime_statistics-react
crime_statistics,Mitte,#wide-value-range,sultan-crime_statistics-react
crime_statistics,Pankow,#wide-value-range,sultan-crime_statistics-react
crime_statistics,Reinickendorf,"#well-served,#medium-variability",sultan-crime_statistics-react
crime_statistics,Steglitz-Zehlendorf,#low-variability,sultan-crime_statistics-react
crime_statistics,Treptow-Köpenick,"#well-served,#low-variability,#wide-value-range",sultan-crime_statistics-react
crime_statistics,Spandau,"#well-served,#wide-value-range,#medium-variability",sultan-crime_statistics-react
crime_statistics,Lichtenberg,,sultan-crime_statistics-rule_based
crime_statistics,Friedrichshain-Kreuzberg,#well-served,sultan-crime_statistics-rule_based
crime_statistics,Neukölln,,sultan-crime_statistics-rule_based
crime_statistics,Tempelhof-Schöneberg,,sultan-crime_statistics-rule_based
crime_statistics,Marzahn-Hellersdorf,#well-served,sultan-crime_statistics-rule_based
crime_statistics,Charlottenburg-Wilmersdorf,,sultan-crime_statistics-rule_based
crime_statistics,Mitte,,sultan-crime_statistics-rule_based
crime_statistics,Pankow,,sultan-crime_statistics-rule_based
crime_statistics,Reinickendorf,#well-served,sultan-crime_statistics-rule_based
crime_statistics,Steglitz-Zehlendorf,#well-served,sultan-crime_statistics-rule_based
crime_statistics,Treptow-Köpenick,#well-served,sultan-crime_statistics-rule_based
crime_statistics,Spandau,#well-served,sultan-crime_statistics-rule_based
dental_offices,Pankow,"#low-dental-office-density,#high-office-count,#underserved-district",sultan-dental_offices-llm
dental_offices,Reinickendorf,"#high-density-offices,#low-per-capita-density,#abundant-dental-services,#region-well-served,#numerous-clinics",sultan-dental_offices-llm
dental_offices,Steglitz-Zehlendorf,"#low-dental-access,#high-office-concentration,#urban-density,#service-availability,#dental-shortage,#geographic-distribution",sultan-dental_offices-llm
dental_offices,Friedrichshain-Kreuzberg,"#underserved-district,#high-office-count,#low-access-dentistry,#dental-desert,#high-density-offices,#limited-dental-availability",sultan-dental_offices-llm
dental_offices,Neukölln,"#low-dental-access,#high-office-count,#rural-district,#underserved-population,#urban-surplus",sultan-dental_offices-llm
dental_offices,Marzahn-Hellersdorf,"#low-dental-access,#high-office-density,#781-offices",sultan-dental_offices-llm
dental_offices,Lichtenberg,"#high-office-count,#zero-per-capita,#surplus-offices,#high-density-dental",sultan-dental_offices-llm
dental_offices,Treptow-Köpenick,"#low-density-dental,#high-office-count,#underserved-dental,#781-offices,#sparse-dental",sultan-dental_offices-llm
dental_offices,Tempelhof-Schöneberg,"#low-dentist-density,#high-office-count,#underserved-district",sultan-dental_offices-llm
dental_offices,Spandau,"#underserved-dental,#high-office-density,#resource-rich-dental,#dental-hub",sultan-dental_offices-llm
dental_offices,Mitte,"#low-dental-access,#high-office-density,#underserved-district,#abundant-dentists",sultan-dental_offices-llm
dental_offices,Charlottenburg-Wilmersdorf,"#underserved-district,#high-office-density,#large-office-number",sultan-dental_offices-llm
dental_offices,Pankow,#underserved,sultan-dental_offices-react
dental_offices,Reinickendorf,#well-served,sultan-dental_offices-react
dental_offices,Steglitz-Zehlendorf,,sultan-dental_offices-react
dental_offices,Friedrichshain-Kreuzberg,,sultan-dental_offices-react
dental_offices,Neukölln,,sultan-dental_offices-react
dental_offices,Marzahn-Hellersdorf,#well-served,sultan-dental_offices-react
dental_offices,Lichtenberg,,sultan-dental_offices-react
dental_offices,Treptow-Köpenick,,sultan-dental_offices-react
dental_offices,Tempelhof-Schöneberg,#underserved,sultan-dental_offices-react
dental_offices,Spandau,#well-served,sultan-dental_offices-react
dental_offices,Mitte,#underserved,sultan-dental_offices-react
dental_offices,Charlottenburg-Wilmersdorf,,sultan-dental_offices-react
dental_offices,Pankow,,sultan-dental_offices-rule_based
dental_offices,Reinickendorf,#well-served,sultan-dental_offices-rule_based
dental_offices,Steglitz-Zehlendorf,#well-served,sultan-dental_offices-rule_based
dental_offices,Friedrichshain-Kreuzberg,#well-served,sultan-dental_offices-rule_based
dental_offices,Neukölln,,sultan-dental_offices-rule_based
dental_offices,Marzahn-Hellersdorf,#well-served,sultan-dental_offices-rule_based
dental_offices,Lichtenberg,,sultan-dental_offices-rule_based
dental_offices,Treptow-Köpenick,#well-served,sultan-dental_offices-rule_based
dental_offices,Tempelhof-Schöneberg,,sultan-dental_offices-rule_based
dental_offices,Spandau,#well-served,sultan-dental_offices-rule_based
dental_offices,Mitte,,sultan-dental_offices-rule_based
dental_offices,Charlottenburg-Wilmersdorf,,sultan-dental_offices-rule_based
districts_pop_stat,Neukölln,"#zero-per-capita,#single-district",sultan-districts_pop_stat-llm
districts_pop_stat,Lichtenberg,"#low-per-capita-stat,#single-district-stat,#zero-per-capita-value,#minimal-district-stat",sultan-districts_pop_stat-llm
districts_pop_stat,Spandau,"#low-population,#single-district,#no-data",sultan-districts_pop_stat-llm
districts_pop_stat,Reinickendorf,"#low-pop-stat,#single-district-stat",sultan-districts_pop_stat-llm
districts_pop_stat,Treptow-Köpenick,"#zero-per-capita,#single-district,#null-value,#no-stat",sultan-districts_pop_stat-llm
districts_pop_stat,Pankow,"#low-per-capita-stat,#single-district-stat,#zero-per-capita-value",sultan-districts_pop_stat-llm
districts_pop_stat,Steglitz-Zehlendorf,"#low-pop-stat-per-capita,#single-pop-stat-district,#minimal-districts-pop-stat,#zero-pop-stat-indicator",sultan-districts_pop_stat-llm
districts_pop_stat,Tempelhof-Schöneberg,"#low-pop-stat,#single-district-stat,#zero-per-capita-stat",sultan-districts_pop_stat-llm
districts_pop_stat,Marzahn-Hellersdorf,"#zero-pop-stat,#single-district-pop-stat,#no-pop-stat-data",sultan-districts_pop_stat-llm
districts_pop_stat,Friedrichshain-Kreuzberg,"#low-per-capita,#single-district,#negligible-stat",sultan-districts_pop_stat-llm
districts_pop_stat,Charlottenburg-Wilmersdorf,"#low-popstat-per-capita,#single-district-popstat",sultan-districts_pop_stat-llm
districts_pop_stat,Mitte,"#zero-per-capita,#single-instance,#minimal-representation",sultan-districts_pop_stat-llm
districts_pop_stat,Neukölln,,sultan-districts_pop_stat-react
districts_pop_stat,Lichtenberg,,sultan-districts_pop_stat-react
districts_pop_stat,Spandau,"#well-served,#low-variability",sultan-districts_pop_stat-react
districts_pop_stat,Reinickendorf,"#well-served,#low-variability",sultan-districts_pop_stat-react
districts_pop_stat,Treptow-Köpenick,,sultan-districts_pop_stat-react
districts_pop_stat,Pankow,#underserved,sultan-districts_pop_stat-react
districts_pop_stat,Steglitz-Zehlendorf,,sultan-districts_pop_stat-react
districts_pop_stat,Tempelhof-Schöneberg,#underserved,sultan-districts_pop_stat-react
districts_pop_stat,Marzahn-Hellersdorf,#well-served,sultan-districts_pop_stat-react
districts_pop_stat,Friedrichshain-Kreuzberg,,sultan-districts_pop_stat-react
districts_pop_stat,Charlottenburg-Wilmersdorf,,sultan-districts_pop_stat-react
districts_pop_stat,Mitte,#underserved,sultan-districts_pop_stat-react
districts_pop_stat,Neukölln,,sultan-districts_pop_stat-rule_based
districts_pop_stat,Lichtenberg,,sultan-districts_pop_stat-rule_based
districts_pop_stat,Spandau,#well-served,sultan-districts_pop_stat-rule_based
districts_pop_stat,Reinickendorf,#well-served,sultan-districts_pop_stat-rule_based
districts_pop_stat,Treptow-Köpenick,#well-served,sultan-districts_pop_stat-rule_based
districts_pop_stat,Pankow,,sultan-districts_pop_stat-rule_based
districts_pop_stat,Steglitz-Zehlendorf,#well-served,sultan-districts_pop_stat-rule_based
districts_pop_stat,Tempelhof-Schöneberg,,sultan-districts_pop_stat-rule_based
districts_pop_stat,Marzahn-Hellersdorf,#well-served,sultan-districts_pop_stat-rule_based
districts_pop_stat,Friedrichshain-Kreuzberg,#well-served,sultan-districts_pop_stat-rule_based
districts_pop_stat,Charlottenburg-Wilmersdorf,,sultan-districts_pop_stat-rule_based
districts_pop_stat,Mitte,,sultan-districts_pop_stat-rule_based
hospitals,Tempelhof-Schöneberg,"#hospitals-per-capita-low,#high-hospital-density,#five-hospitals",sultan-hospitals-llm
hospitals,Marzahn-Hellersdorf,"#low-hospital-density,#adequate-hospital-supply,#district-healthcare",sultan-hospitals-llm
hospitals,Steglitz-Zehlendorf,"#low-hospitals-per-capita,#high-hospital-density,#accessible-care-potential,#under-served-area-indicator,#resource-allocation-challenge,#healthcare-access-gap",sultan-hospitals-llm
hospitals,Spandau,"#hospital-shortage,#low-hospital-density,#understaffed-district,#limited-access-healthcare",sultan-hospitals-llm
hospitals,Friedrichshain-Kreuzberg,"#low-hospital-density,#moderate-hospital-count,#district-healthcare",sultan-hospitals-llm
hospitals,Pankow,"#understaffed-hospitals,#hospitals-per-capita-zero,#few-hospitals-district,#district-hospital-shortage,#hospital-access-limited",sultan-hospitals-llm
hospitals,Mitte,"#underserved-district,#low-hospital-per-capita,#hospital-deficit,#adequate-hospital-count,#district-health-infrastructure",sultan-hospitals-llm
hospitals,Charlottenburg-Wilmersdorf,"#low-hospital-density,#high-hospital-count,#rural-access-concern,#underserved-population-indicator,#healthcare-infrastructure-gap,#resource-allocation-question",sultan-hospitals-llm
hospitals,Treptow-Köpenick,"#low-hospital-density,#moderate-hospital-count,#underserved-hospitals,#high-demand-access,#regional-healthcare-gap,#population-ratio-imbalance",sultan-hospitals-llm
hospitals,Lichtenberg,"#understaffed-hospitals,#low-hospital-access,#limited-healthcare-resources,#sparse-hospital-density,#rural-hospital-shortage,#hospital-access-challenge",sultan-hospitals-llm
hospitals,Reinickendorf,"#hospitals-low-per-capita,#hospitals-moderate-number,#district-healthcare-access",sultan-hospitals-llm
hospitals,Neukölln,"#low-hospital-density,#understaffed-hospitals,#limited-access-healthcare,#underserved-district,#rural-healthcare-challenge",sultan-hospitals-llm
hospitals,Spandau,"#well-served,#low-variability,#wide-value-range",sultan-hospitals-react
hospitals,Reinickendorf,"#well-served,#low-variability,#wide-value-range",sultan-hospitals-react
hospitals,Marzahn-Hellersdorf,"#well-served,#low-variability,#wide-value-range",sultan-hospitals-react
hospitals,Pankow,"#underserved,#medium-variability,#wide-value-range",sultan-hospitals-react
hospitals,Mitte,"#underserved,#medium-variability,#wide-value-range",sultan-hospitals-react
hospitals,Tempelhof-Schöneberg,"#underserved,#medium-variability,#wide-value-range",sultan-hospitals-react
hospitals,Steglitz-Zehlendorf,"#well-served,#medium-variability,#wide-value-range",sultan-hospitals-react
hospitals,Charlottenburg-Wilmersdorf,"#well-served,#medium-variability,#wide-value-range",sultan-hospitals-react
hospitals,Friedrichshain-Kreuzberg,"#underserved,#medium-variability,#wide-value-range",sultan-hospitals-react
hospitals,Treptow-Köpenick,"#underserved,#medium-variability,#wide-value-range",sultan-hospitals-react
hospitals,Lichtenberg,"#underserved,#medium-variability,#wide-value-range",sultan-hospitals-react
hospitals,Neukölln,"#underserved,#medium-variability,#wide-value-range",sultan-hospitals-react
hospitals,Tempelhof-Schöneberg,,sultan-hospitals-rule_based
hospitals,Marzahn-Hellersdorf,#well-served,sultan-hospitals-rule_based
hospitals,Steglitz-Zehlendorf,#well-served,sultan-hospitals-rule_based
hospitals,Spandau,#well-served,sultan-hospitals-rule_based
hospitals,Friedrichshain-Kreuzberg,#well-served,sultan-hospitals-rule_based
hospitals,Pankow,,sultan-hospitals-rule_based
hospitals,Mitte,,sultan-hospitals-rule_based
hospitals,Charlottenburg-Wilmersdorf,,sultan-hospitals-rule_based
hospitals,Treptow-Köpenick,#well-served,sultan-hospitals-rule_based
hospitals,Lichtenberg,,sultan-hospitals-rule_based
hospitals,Reinickendorf,#well-served,sultan-hospitals-rule_based
hospitals,Neukölln,,sultan-hospitals-rule_based
kindergartens,Lichtenberg,"#high-kindergarten-density,#plentiful-kindergartens",sultan-kindergartens-llm
kindergartens,Friedrichshain-Kreuzberg,"#high-kindergarten-density,#ample-kindergarten-supply,#kindergarten-rich-district",sultan-kindergartens-llm
kindergartens,Neukölln,"#kindergarten-saturation,#high-kindergarten-density,#kindergarten-abundant",sultan-kindergartens-llm
kindergartens,Tempelhof-Schöneberg,"#273-kindergartens,#high-kindergarten-density,#kindergarten-rich,#kindergarten-abundance,#school-rich,#educational-infrastructure",sultan-kindergartens-llm
kindergartens,Marzahn-Hellersdorf,"#high-kindergarten-density,#kindergarten-rich,#numerous-kindergartens",sultan-kindergartens-llm
kindergartens,Charlottenburg-Wilmersdorf,"#high-kindergarten-density,#kindergarten-rich,#abundant-kindergartens",sultan-kindergartens-llm
kindergartens,Mitte,"#high-kindergarten-density,#numerous-kindergartens,#high-kindergarten-enrollment",sultan-kindergartens-llm
kindergartens,Pankow,"#high-kindergarten-density,#abundant-kindergartens,#many-childcare-options",sultan-kindergartens-llm
kindergartens,Reinickendorf,"#high-kindergarten-count,#low-kindergartens-per-capita",sultan-kindergartens-llm
kindergartens,Steglitz-Zehlendorf,"#high-kindergarten-density,#kindergarten-rich,#ample-kindergartens",sultan-kindergartens-llm
kindergartens,Treptow-Köpenick,"#high-kindergarten-density,#kindergarten-rich,#kindergarten-heavy",sultan-kindergartens-llm
kindergartens,Spandau,"#114-kindergartens,#0-kindergartens-per-capita",sultan-kindergartens-llm
kindergartens,Spandau,"#low-variability,#medium-variability,#wide-value-range",sultan-kindergartens-react
kindergartens,Reinickendorf,"#well-served,#low-variability,#medium-variability,#wide-value-range",sultan-kindergartens-react
kindergartens,Marzahn-Hellersdorf,"#well-served,#low-variability,#medium-variability,#wide-value-range",sultan-kindergartens-react
kindergartens,Pankow,"#underserved,#low-variability,#medium-variability,#wide-value-range",sultan-kindergartens-react
kindergartens,Mitte,"#low-variability,#medium-variability,#wide-value-range",sultan-kindergartens-react
kindergartens,Tempelhof-Schöneberg,"#underserved,#low-variability,#medium-variability,#wide-value-range",sultan-kindergartens-react
kindergartens,Lichtenberg,"#low-variability,#medium-variability,#wide-value-range",sultan-kindergartens-react
kindergartens,Friedrichshain-Kreuzberg,"#low-variability,#medium-variability,#wide-value-range",sultan-kindergartens-react
kindergartens,Neukölln,"#low-variability,#medium-variability,#wide-value-range",sultan-kindergartens-react
kindergartens,Charlottenburg-Wilmersdorf,"#low-variability,#medium-variability,#wide-value-range",sultan-kindergartens-react
kindergartens,Treptow-Köpenick,"#low-variability,#medium-variability,#wide-value-range",sultan-kindergartens-react
kindergartens,Steglitz-Zehlendorf,"#low-variability,#medium-variability,#wide-value-range",sultan-kindergartens-react
kindergartens,Lichtenberg,,sultan-kindergartens-rule_based
kindergartens,Friedrichshain-Kreuzberg,#well-served,sultan-kindergartens-rule_based
kindergartens,Neukölln,,sultan-kindergartens-rule_based
kindergartens,Tempelhof-Schöneberg,,sultan-kindergartens-rule_based
kindergartens,Marzahn-Hellersdorf,#well-served,sultan-kindergartens-rule_based
kindergartens,Charlottenburg-Wilmersdorf,,sultan-kindergartens-rule_based
kindergartens,Mitte,,sultan-kindergartens-rule_based
kindergartens,Pankow,,sultan-kindergartens-rule_based
kindergartens,Reinickendorf,#well-served,sultan-kindergartens-rule_based
kindergartens,Steglitz-Zehlendorf,#well-served,sultan-kindergartens-rule_based
kindergartens,Treptow-Köpenick,#well-served,sultan-kindergartens-rule_based
kindergartens,Spandau,#well-served,sultan-kindergartens-rule_based
land_prices,Lichtenberg,"#data-quality-issue,#zero-per-capita,#high-volume,#land-prices,#district-analysis,#statistical-anomaly",sultan-land_prices-llm
land_prices,Friedrichshain-Kreuzberg,"#no-land-value,#high-data-volume,#low-per-capita-value",sultan-land_prices-llm
land_prices,Neukölln,"#zero-land-value,#high-volume-data,#atypical-pricing,#outlier-data,#data-anomaly,#missing-value",sultan-land_prices-llm
land_prices,Tempelhof-Schöneberg,"#low-land-value,#data-rich,#per-capita-zero,#statistical-outlier",sultan-land_prices-llm
land_prices,Marzahn-Hellersdorf,"#low-land-price,#high-transaction-volume,#data-rich",sultan-land_prices-llm
land_prices,Charlottenburg-Wilmersdorf,"#low-land-price-per-capita,#high-land-price-data-volume",sultan-land_prices-llm
land_prices,Mitte,"#low-land-value,#high-volume-data,#data-rich,#urban-metrics,#affordability-indicator,#property-assessment",sultan-land_prices-llm
land_prices,Pankow,"#zero-land-value,#high-data-volume,#statistical-district,#nominal-value,#land-valuation,#data-rich",sultan-land_prices-llm
land_prices,Reinickendorf,"#no-land-value,#data-rich,#zero-valuation,#land-price-metrics,#extensive-data,#per-capita-zero",sultan-land_prices-llm
land_prices,Steglitz-Zehlendorf,"#no-land-value,#data-rich,#zero-valuation,#property-data,#value-null,#land-pricing",sultan-land_prices-llm
land_prices,Treptow-Köpenick,"#low-land-price,#zero-value-land,#high-volume-data,#land-price-analysis,#no-land-ownership,#statistically-null",sultan-land_prices-llm
land_prices,Spandau,"#no-land-value,#data-rich,#outlier-data",sultan-land_prices-llm
land_prices,Lichtenberg,"#well-served,#low-variability,#medium-variability",sultan-land_prices-react
land_prices,Friedrichshain-Kreuzberg,"#medium-variability,#wide-value-range",sultan-land_prices-react
land_prices,Neukölln,"#underserved,#medium-variability,#wide-value-range",sultan-land_prices-react
land_prices,Tempelhof-Schöneberg,"#medium-variability,#wide-value-range",sultan-land_prices-react
land_prices,Marzahn-Hellersdorf,"#medium-variability,#wide-value-range",sultan-land_prices-react
land_prices,Charlottenburg-Wilmersdorf,"#well-served,#low-variability,#medium-variability",sultan-land_prices-react
land_prices,Mitte,"#medium-variability,#wide-value-range",sultan-land_prices-react
land_prices,Pankow,"#medium-variability,#wide-value-range",sultan-land_prices-react
land_prices,Reinickendorf,"#medium-variability,#wide-value-range",sultan-land_prices-react
land_prices,Steglitz-Zehlendorf,"#medium-variability,#wide-value-range",sultan-land_prices-react
land_prices,Treptow-Köpenick,"#underserved,#medium-variability,#wide-value-range",sultan-land_prices-react
land_prices,Spandau,"#medium-variability,#wide-value-range",sultan-land_prices-react
land_prices,Lichtenberg,,sultan-land_prices-rule_based
land_prices,Friedrichshain-Kreuzberg,#well-served,sultan-land_prices-rule_based
land_prices,Neukölln,,sultan-land_prices-rule_based
land_prices,Tempelhof-Schöneberg,,sultan-land_prices-rule_based
land_prices,Marzahn-Hellersdorf,#well-served,sultan-land_prices-rule_based
land_prices,Charlottenburg-Wilmersdorf,,sultan-land_prices-rule_based
land_prices,Mitte,,sultan-land_prices-rule_based
land_prices,Pankow,,sultan-land_prices-rule_based
land_prices,Reinickendorf,#well-served,sultan-land_prices-rule_based
land_prices,Steglitz-Zehlendorf,#well-served,sultan-land_prices-rule_based
land_prices,Treptow-Köpenick,#well-served,sultan-land_prices-rule_based
land_prices,Spandau,#well-served,sultan-land_prices-rule_based
long_term_listings,Lichtenberg,"#low-listing-district,#no-long-term-rentals,#high-value-district",sultan-long_term_listings-llm
long_term_listings,Friedrichshain-Kreuzberg,"#low-supply,#niche-market,#exclusive-access",sultan-long_term_listings-llm
long_term_listings,Neukölln,"#low-listing-density,#high-listing-volume,#scarce-rental-market",sultan-long_term_listings-llm
long_term_listings,Tempelhof-Schöneberg,"#low-listing-density,#high-listing-count,#district-specific-data",sultan-long_term_listings-llm
long_term_listings,Marzahn-Hellersdorf,"#low-density-listings,#high-listing-concentration,#resource-rich-district,#listing-heavy-area",sultan-long_term_listings-llm
long_term_listings,Charlottenburg-Wilmersdorf,"#low-supply,#high-volume,#moderate-availability",sultan-long_term_listings-llm
long_term_listings,Mitte,"#low-listing-density,#high-listing-volume,#sparse-availability",sultan-long_term_listings-llm
long_term_listings,Pankow,"#low-inventory,#high-demand,#undersupply,#scarce-supply",sultan-long_term_listings-llm
long_term_listings,Reinickendorf,"#low-availability,#scant-supply,#niche-market",sultan-long_term_listings-llm
long_term_listings,Steglitz-Zehlendorf,"#low-listing-density,#high-listing-concentration,#limited-availability",sultan-long_term_listings-llm
long_term_listings,Treptow-Köpenick,"#low-listing-density,#low-resident-listing-ratio,#housing-availability-index",sultan-long_term_listings-llm
long_term_listings,Spandau,"#low-listing-density,#high-listing-volume,#scarce-inventory",sultan-long_term_listings-llm
long_term_listings,Lichtenberg,"#well-served,#low-variability,#wide-value-range",sultan-long_term_listings-react
long_term_listings,Friedrichshain-Kreuzberg,"#well-served,#low-variability,#wide-value-range",sultan-long_term_listings-react
long_term_listings,Neukölln,"#underserved,#high-variability,#wide-value-range",sultan-long_term_listings-react
long_term_listings,Tempelhof-Schöneberg,"#well-served,#low-variability,#wide-value-range",sultan-long_term_listings-react
long_term_listings,Marzahn-Hellersdorf,"#underserved,#high-variability,#wide-value-range",sultan-long_term_listings-react
long_term_listings,Charlottenburg-Wilmersdorf,"#well-served,#low-variability,#wide-value-range",sultan-long_term_listings-react
long_term_listings,Mitte,"#well-served,#low-variability,#wide-value-range",sultan-long_term_listings-react
long_term_listings,Pankow,"#well-served,#low-variability,#wide-value-range",sultan-long_term_listings-react
long_term_listings,Reinickendorf,"#underserved,#high-variability,#wide-value-range",sultan-long_term_listings-react
long_term_listings,Steglitz-Zehlendorf,"#well-served,#low-variability,#wide-value-range",sultan-long_term_listings-react
long_term_listings,Treptow-Köpenick,"#well-served,#low-variability,#wide-value-range",sultan-long_term_listings-react
long_term_listings,Spandau,"#underserved,#high-variability,#wide-value-range",sultan-long_term_listings-react
long_term_listings,Lichtenberg,,sultan-long_term_listings-rule_based
long_term_listings,Friedrichshain-Kreuzberg,#well-served,sultan-long_term_listings-rule_based
long_term_listings,Neukölln,,sultan-long_term_listings-rule_based
long_term_listings,Tempelhof-Schöneberg,,sultan-long_term_listings-rule_based
long_term_listings,Marzahn-Hellersdorf,#well-served,sultan-long_term_listings-rule_based
long_term_listings,Charlottenburg-Wilmersdorf,,sultan-long_term_listings-rule_based
long_term_listings,Mitte,,sultan-long_term_listings-rule_based
long_term_listings,Pankow,,sultan-long_term_listings-rule_based
long_term_listings,Reinickendorf,#well-served,sultan-long_term_listings-rule_based
long_term_listings,Steglitz-Zehlendorf,#well-served,sultan-long_term_listings-rule_based
long_term_listings,Treptow-Köpenick,#well-served,sultan-long_term_listings-rule_based
long_term_listings,Spandau,#well-served,sultan-long_term_listings-rule_based
milieuschutz_protection_zones,Friedrichshain-Kreuzberg,"#milieuschutz-low-per-capita,#milieuschutz-high-number,#urban-planning-focus",sultan-milieuschutz_protection_zones-llm
milieuschutz_protection_zones,Pankow,"#low-density-milieuschutz,#high-zone-count,#urban-planning,#protected-areas,#conservation-policy,#district-overview",sultan-milieuschutz_protection_zones-llm
milieuschutz_protection_zones,Charlottenburg-Wilmersdorf,"#low-density-zones,#high-zone-count,#zero-per-capita-zones,#protected-areas-dense",sultan-milieuschutz_protection_zones-llm
milieuschutz_protection_zones,Treptow-Köpenick,"#low-milieuschutz-per-capita,#high-zone-count,#dense-protection,#urban-planning-focus,#conservation-priority,#district-level-zones",sultan-milieuschutz_protection_zones-llm
milieuschutz_protection_zones,Neukölln,"#no-milieuschutz-per-capita,#many-zones,#zone-density-low",sultan-milieuschutz_protection_zones-llm
milieuschutz_protection_zones,Tempelhof-Schöneberg,"#low-milieuschutz-per-capita,#high-zone-count,#dense-zones,#area-milieuschutz,#urban-planning,#district-milieuschutz",sultan-milieuschutz_protection_zones-llm
milieuschutz_protection_zones,Spandau,"#no-milieuschutz-per-capita,#low-milieuschutz-density,#few-milieuschutz-zones",sultan-milieuschutz_protection_zones-llm
milieuschutz_protection_zones,Mitte,"#low-density-zones,#high-zone-count,#urban-protection,#conservation-areas,#environmental-zones",sultan-milieuschutz_protection_zones-llm
milieuschutz_protection_zones,Lichtenberg,"#urban-planning,#residential-protection,#district-analysis,#low-density,#public-space,#neighborhood-development",sultan-milieuschutz_protection_zones-llm
milieuschutz_protection_zones,Reinickendorf,"#no-milieuschutz-per-capita,#low-milieuschutz,#few-milieuschutz-zones",sultan-milieuschutz_protection_zones-llm
milieuschutz_protection_zones,Steglitz-Zehlendorf,"#zero-zones-per-capita,#twenty-one-zones,#milieuschutz-districts,#density-analysis,#urban-planning-data",sultan-milieuschutz_protection_zones-llm
milieuschutz_protection_zones,Friedrichshain-Kreuzberg,"#well-served,#low-variability,#wide-value-range",sultan-milieuschutz_protection_zones-react
milieuschutz_protection_zones,Pankow,"#underserved,#high-variability,#has-outliers-1,#wide-value-range",sultan-milieuschutz_protection_zones-react
milieuschutz_protection_zones,Charlottenburg-Wilmersdorf,"#well-served,#low-variability,#wide-value-range",sultan-milieuschutz_protection_zones-react
milieuschutz_protection_zones,Treptow-Köpenick,"#well-served,#low-variability,#wide-value-range",sultan-milieuschutz_protection_zones-react
milieuschutz_protection_zones,Neukölln,"#well-served,#low-variability,#wide-value-range",sultan-milieuschutz_protection_zones-react
milieuschutz_protection_zones,Tempelhof-Schöneberg,"#underserved,#high-variability,#has-outliers-1,#wide-value-range",sultan-milieuschutz_protection_zones-react
milieuschutz_protection_zones,Spandau,"#underserved,#high-variability,#has-outliers-1,#wide-value-range",sultan-milieuschutz_protection_zones-react
milieuschutz_protection_zones,Mitte,"#well-served,#high-variability,#has-outliers-1,#wide-value-range",sultan-milieuschutz_protection_zones-react
milieuschutz_protection_zones,Lichtenberg,"#underserved,#high-variability,#has-outliers-1,#wide-value-range",sultan-milieuschutz_protection_zones-react
milieuschutz_protection_zones,Reinickendorf,"#well-served,#high-variability,#has-outliers-1,#wide-value-range",sultan-milieuschutz_protection_zones-react
milieuschutz_protection_zones,Steglitz-Zehlendorf,"#well-served,#low-variability,#wide-value-range",sultan-milieuschutz_protection_zones-react
milieuschutz_protection_zones,Friedrichshain-Kreuzberg,#well-served,sultan-milieuschutz_protection_zones-rule_based
milieuschutz_protection_zones,Pankow,,sultan-milieuschutz_protection_zones-rule_based
milieuschutz_protection_zones,Charlottenburg-Wilmersdorf,,sultan-milieuschutz_protection_zones-rule_based
milieuschutz_protection_zones,Treptow-Köpenick,#well-served,sultan-milieuschutz_protection_zones-rule_based
milieuschutz_protection_zones,Neukölln,,sultan-milieuschutz_protection_zones-rule_based
milieuschutz_protection_zones,Tempelhof-Schöneberg,,sultan-milieuschutz_protection_zones-rule_based
milieuschutz_protection_zones,Spandau,#well-served,sultan-milieuschutz_protection_zones-rule_based
milieuschutz_protection_zones,Mitte,,sultan-milieuschutz_protection_zones-rule_based
milieuschutz_protection_zones,Lichtenberg,,sultan-milieuschutz_protection_zones-rule_based
milieuschutz_protection_zones,Reinickendorf,#well-served,sultan-milieuschutz_protection_zones-rule_based
milieuschutz_protection_zones,Steglitz-Zehlendorf,#well-served,sultan-milieuschutz_protection_zones-rule_based
parks,Charlottenburg-Wilmersdorf,"#low-green-space-per-capita,#high-maintenance-score,#many-small-parks",sultan-parks-llm
parks,Friedrichshain-Kreuzberg,"#low-green-space-per-capita,#high-maintenance-score,#large-average-park-size,#high-number-of-green-spaces",sultan-parks-llm
parks,Lichtenberg,"#low-green-space-per-capita,#high-maintenance-score,#large-number-of-spaces,#small-average-park-size",sultan-parks-llm
parks,Marzahn-Hellersdorf,"#low-green-space-per-capita,#high-maintenance-score,#medium-park-size,#numerous-green-spaces",sultan-parks-llm
parks,Mitte,"#low-green-space-per-capita,#high-maintenance-score,#medium-park-size,#numerous-green-spaces",sultan-parks-llm
parks,Neukölln,"#low-green-space-per-capita,#high-maintenance-score,#small-average-park-size,#many-small-green-spaces",sultan-parks-llm
parks,Pankow,"#low-green-space-per-capita,#high-maintenance-score,#many-small-parks",sultan-parks-llm
parks,Reinickendorf,"#low-green-space-per-capita,#high-maintenance-score,#medium-park-size,#numerous-green-spaces",sultan-parks-llm
parks,Spandau,"#low-green-space-per-capita,#high-maintenance-score,#medium-park-size,#high-number-of-green-spaces",sultan-parks-llm
parks,Steglitz-Zehlendorf,"#low-green-space-per-capita,#high-maintenance-score,#moderate-park-size,#numerous-green-spaces",sultan-parks-llm
parks,Tempelhof-Schöneberg,"#low-green-space-per-capita,#high-maintenance-score,#small-average-park-size,#numerous-green-spaces",sultan-parks-llm
parks,Treptow-Köpenick,"#low-green-space-per-capita,#high-maintenance-score,#large-average-park-size,#many-green-spaces",sultan-parks-llm
parks,Charlottenburg-Wilmersdorf,"#spacious,#large-park,#high-variability,#wide-value-range",sultan-parks-react
parks,Friedrichshain-Kreuzberg,"#many-parks,#high-variability,#right-skewed-distribution,#wide-value-range",sultan-parks-react
parks,Lichtenberg,"#spacious,#many-parks,#high-variability,#wide-value-range",sultan-parks-react
parks,Marzahn-Hellersdorf,"#large-park,#spacious,#high-variability,#wide-value-range",sultan-parks-react
parks,Mitte,"#spacious,#large-park,#high-variability,#wide-value-range",sultan-parks-react
parks,Neukölln,"#many-parks,#high-variability,#right-skewed-distribution,#wide-value-range",sultan-parks-react
parks,Pankow,"#spacious,#large-park,#high-variability,#wide-value-range",sultan-parks-react
parks,Reinickendorf,"#many-parks,#high-variability,#right-skewed-distribution,#wide-value-range",sultan-parks-react
parks,Spandau,"#large-park,#spacious,#high-variability,#wide-value-range",sultan-parks-react
parks,Steglitz-Zehlendorf,"#spacious,#many-parks,#high-variability,#wide-value-range",sultan-parks-react
parks,Tempelhof-Schöneberg,"#large-park,#spacious,#high-variability,#wide-value-range",sultan-parks-react
parks,Treptow-Köpenick,"#many-parks,#high-variability,#right-skewed-distribution,#wide-value-range",sultan-parks-react
parks,Charlottenburg-Wilmersdorf,#many-parks,sultan-parks-rule_based
parks,Friedrichshain-Kreuzberg,,sultan-parks-rule_based
parks,Lichtenberg,"#large-park,#spacious",sultan-parks-rule_based
parks,Marzahn-Hellersdorf,"#large-park,#spacious,#many-parks",sultan-parks-rule_based
parks,Mitte,#many-parks,sultan-parks-rule_based
parks,Neukölln,"#many-parks,#crowded",sultan-parks-rule_based
parks,Pankow,"#large-park,#spacious",sultan-parks-rule_based
parks,Reinickendorf,"#large-park,#spacious",sultan-parks-rule_based
parks,Spandau,"#large-park,#spacious",sultan-parks-rule_based
parks,Steglitz-Zehlendorf,#many-parks,sultan-parks-rule_based
parks,Tempelhof-Schöneberg,"#many-parks,#crowded",sultan-parks-rule_based
parks,Treptow-Köpenick,"#large-park,#spacious",sultan-parks-rule_based
playgrounds,Lichtenberg,"#low-playgrounds-per-capita,#high-number-of-playgrounds",sultan-playgrounds-llm
playgrounds,Friedrichshain-Kreuzberg,"#low-density,#high-number,#playground-rich,#underserved,#public-amenity,#community-resource",sultan-playgrounds-llm
playgrounds,Neukölln,"#underserved-playgrounds,#high-playgrounds-count,#low-playgrounds-per-capita",sultan-playgrounds-llm
playgrounds,Tempelhof-Schöneberg,"#low-density,#high-number,#under-served,#resource-rich,#public-spaces,#urban-amenities",sultan-playgrounds-llm
playgrounds,Marzahn-Hellersdorf,"#low-playground-access,#high-playground-density,#community-resource",sultan-playgrounds-llm
playgrounds,Charlottenburg-Wilmersdorf,"#low-playground-density,#high-playground-count,#adequate-playgrounds",sultan-playgrounds-llm
playgrounds,Mitte,"#underfunded-playgrounds,#ample-playgrounds,#low-playgrounds-per-capita",sultan-playgrounds-llm
playgrounds,Pankow,"#undersupplied-playgrounds,#high-number-playgrounds,#child-resource-gap,#urban-play-deficit",sultan-playgrounds-llm
playgrounds,Reinickendorf,"#low-playground-density,#high-playground-count,#urban-playground-need,#infrastructure-gap,#recreation-deficit,#play-space-shortage",sultan-playgrounds-llm
playgrounds,Steglitz-Zehlendorf,"#low-playgrounds-per-capita,#high-playground-count,#densely-equipped-playgrounds",sultan-playgrounds-llm
playgrounds,Treptow-Köpenick,"#low-playground-density,#high-number-of-playgrounds,#suburban-playgrounds,#urban-playgrounds,#recreational-facilities,#community-play",sultan-playgrounds-llm
playgrounds,Spandau,"#low-playground-density,#high-playground-number,#under-resourced-play,#ample-play-space,#community-play-focus,#playground-rich",sultan-playgrounds-llm
playgrounds,Spandau,"#well-served,#low-variability,#medium-variability",sultan-playgrounds-react
playgrounds,Reinickendorf,"#well-served,#low-variability,#medium-variability",sultan-playgrounds-react
playgrounds,Marzahn-Hellersdorf,"#well-served,#low-variability,#medium-variability",sultan-playgrounds-react
playgrounds,Friedrichshain-Kreuzberg,"#low-variability,#medium-variability",sultan-playgrounds-react
playgrounds,Neukölln,"#low-variability,#medium-variability",sultan-playgrounds-react
playgrounds,Tempelhof-Schöneberg,"#underserved,#low-variability,#medium-variability",sultan-playgrounds-react
playgrounds,Charlottenburg-Wilmersdorf,"#low-variability,#medium-variability",sultan-playgrounds-react
playgrounds,Mitte,"#underserved,#low-variability,#medium-variability",sultan-playgrounds-react
playgrounds,Pankow,"#underserved,#low-variability,#medium-variability",sultan-playgrounds-react
playgrounds,Steglitz-Zehlendorf,"#low-variability,#medium-variability",sultan-playgrounds-react
playgrounds,Treptow-Köpenick,"#low-variability,#medium-variability",sultan-playgrounds-react
playgrounds,Lichtenberg,"#low-variability,#medium-variability",sultan-playgrounds-react
playgrounds,Lichtenberg,,sultan-playgrounds-rule_based
playgrounds,Friedrichshain-Kreuzberg,#well-served,sultan-playgrounds-rule_based
playgrounds,Neukölln,,sultan-playgrounds-rule_based
playgrounds,Tempelhof-Schöneberg,,sultan-playgrounds-rule_based
playgrounds,Marzahn-Hellersdorf,#well-served,sultan-playgrounds-rule_based
playgrounds,Charlottenburg-Wilmersdorf,,sultan-playgrounds-rule_based
playgrounds,Mitte,,sultan-playgrounds-rule_based
playgrounds,Pankow,,sultan-playgrounds-rule_based
playgrounds,Reinickendorf,#well-served,sultan-playgrounds-rule_based
playgrounds,Steglitz-Zehlendorf,#well-served,sultan-playgrounds-rule_based
playgrounds,Treptow-Köpenick,#well-served,sultan-playgrounds-rule_based
playgrounds,Spandau,#well-served,sultan-playgrounds-rule_based
pools,Pankow,"#low-pool-density,#nine-pools,#no-pools-per-capita",sultan-pools-llm
pools,Reinickendorf,"#low-pool-density,#high-pool-count,#underserved-district,#recreational-deficit,#amenity-shortage,#public-access-focus",sultan-pools-llm
pools,Steglitz-Zehlendorf,"#low-pool-density,#no-public-pools,#high-pool-shortage,#pool-deserts,#under-resourced-pools,#pool-inequity",sultan-pools-llm
pools,Friedrichshain-Kreuzberg,"#low-pool-density,#high-number-of-pools,#community-focused-recreation",sultan-pools-llm
pools,Neukölln,"#low-pool-density,#limited-access,#community-amenities,#public-services,#recreational-infrastructure",sultan-pools-llm
pools,Marzahn-Hellersdorf,"#low-pool-access,#limited-recreation,#community-amenities-scarce,#urban-resource-deficit",sultan-pools-llm
pools,Lichtenberg,"#low-pool-density,#high-number-of-pools,#under-serviced-district",sultan-pools-llm
pools,Treptow-Köpenick,"#underserviced-district,#low-pool-access,#public-pool-shortage,#community-amenity-deficit",sultan-pools-llm
pools,Tempelhof-Schöneberg,"#low-pool-access,#undersupplied-district,#8-pools,#no-pools-per-capita",sultan-pools-llm
pools,Spandau,"#low-pool-density,#adequate-pool-number,#community-pools,#public-pools,#recreational-pools,#district-pools",sultan-pools-llm
pools,Mitte,"#low-pool-density,#high-pool-per-capita,#pool-rich,#9-pools,#underdeveloped-aquatics,#ample-swimming",sultan-pools-llm
pools,Charlottenburg-Wilmersdorf,"#low-pools-per-capita,#high-number-of-pools,#pool-density-issue,#district-amenities",sultan-pools-llm
pools,Spandau,"#well-served,#high-variability,#right-skewed-distribution,#has-outliers-1,#wide-value-range",sultan-pools-react
pools,Reinickendorf,"#well-served,#high-variability,#right-skewed-distribution,#has-outliers-1,#wide-value-range",sultan-pools-react
pools,Marzahn-Hellersdorf,"#well-served,#high-variability,#right-skewed-distribution,#has-outliers-1,#wide-value-range",sultan-pools-react
pools,Pankow,"#underserved,#high-variability,#right-skewed-distribution,#has-outliers-1,#wide-value-range",sultan-pools-react
pools,Mitte,"#underserved,#high-variability,#right-skewed-distribution,#has-outliers-1,#wide-value-range",sultan-pools-react
pools,Tempelhof-Schöneberg,"#underserved,#high-variability,#right-skewed-distribution,#has-outliers-1,#wide-value-range",sultan-pools-react
pools,Steglitz-Zehlendorf,"#high-variability,#right-skewed-distribution,#has-outliers-1,#wide-value-range",sultan-pools-react
pools,Treptow-Köpenick,"#high-variability,#right-skewed-distribution,#has-outliers-1,#wide-value-range",sultan-pools-react
pools,Neukölln,"#high-variability,#right-skewed-distribution,#has-outliers-1,#wide-value-range",sultan-pools-react
pools,Friedrichshain-Kreuzberg,"#high-variability,#right-skewed-distribution,#has-outliers-1,#wide-value-range",sultan-pools-react
pools,Lichtenberg,"#high-variability,#right-skewed-distribution,#has-outliers-1,#wide-value-range",sultan-pools-react
pools,Charlottenburg-Wilmersdorf,"#high-variability,#right-skewed-distribution,#has-outliers-1,#wide-value-range",sultan-pools-react
pools,Pankow,,sultan-pools-rule_based
pools,Reinickendorf,#well-served,sultan-pools-rule_based
pools,Steglitz-Zehlendorf,#well-served,sultan-pools-rule_based
pools,Friedrichshain-Kreuzberg,#well-served,sultan-pools-rule_based
pools,Neukölln,,sultan-pools-rule_based
pools,Marzahn-Hellersdorf,#well-served,sultan-pools-rule_based
pools,Lichtenberg,,sultan-pools-rule_based
pools,Treptow-Köpenick,#well-served,sultan-pools-rule_based
pools,Tempelhof-Schöneberg,,sultan-pools-rule_based
pools,Spandau,#well-served,sultan-pools-rule_based
pools,Mitte,,sultan-pools-rule_based
pools,Charlottenburg-Wilmersdorf,,sultan-pools-rule_based
rent_stats_per_neighborhood,Friedrichshain-Kreuzberg,"#low-rent-per-capita,#high-rent-stat-density",sultan-rent_stats_per_neighborhood-llm
rent_stats_per_neighborhood,Pankow,"#low-rent-per-capita,#high-rent-stat-density,#many-rent-stats",sultan-rent_stats_per_neighborhood-llm
rent_stats_per_neighborhood,Charlottenburg-Wilmersdorf,"#low-rent-stats,#high-neighborhood-density",sultan-rent_stats_per_neighborhood-llm
rent_stats_per_neighborhood,Treptow-Köpenick,"#low-rent-per-capita,#many-rent-stats,#data-rich,#zero-rent-per-capita",sultan-rent_stats_per_neighborhood-llm
rent_stats_per_neighborhood,Neukölln,"#low-rent-per-capita,#neighborhood-rent-stats,#high-volume-rent-data",sultan-rent_stats_per_neighborhood-llm
rent_stats_per_neighborhood,Tempelhof-Schöneberg,"#low-rent-per-capita,#high-number-of-rent-stats,#neighborhood-rent-data,#comprehensive-rental-analysis,#urban-rent-density,#statistical-rental-coverage",sultan-rent_stats_per_neighborhood-llm
rent_stats_per_neighborhood,Marzahn-Hellersdorf,"#low-rent,#data-rich,#neighborhood-level,#uniform-rent,#consistent-stats,#ample-data",sultan-rent_stats_per_neighborhood-llm
rent_stats_per_neighborhood,Spandau,"#low-rent-data,#neighborhood-rent-stats,#abundant-rent-data",sultan-rent_stats_per_neighborhood-llm
rent_stats_per_neighborhood,Mitte,"#low-rent-per-capita,#high-number-of-rent-stats",sultan-rent_stats_per_neighborhood-llm
rent_stats_per_neighborhood,Lichtenberg,"#low-rent,#high-density-stats,#neighborhood-analysis,#rent-data",sultan-rent_stats_per_neighborhood-llm
rent_stats_per_neighborhood,Reinickendorf,"#low-rent-per-capita,#multiple-rent-stats,#data-rich-neighborhoods",sultan-rent_stats_per_neighborhood-llm
rent_stats_per_neighborhood,Steglitz-Zehlendorf,"#low-rent-density,#neighborhood-focused-data,#high-neighborhood-count",sultan-rent_stats_per_neighborhood-llm
rent_stats_per_neighborhood,Friedrichshain-Kreuzberg,#well-served,sultan-rent_stats_per_neighborhood-react
rent_stats_per_neighborhood,Pankow,,sultan-rent_stats_per_neighborhood-react
rent_stats_per_neighborhood,Charlottenburg-Wilmersdorf,#well-served,sultan-rent_stats_per_neighborhood-react
rent_stats_per_neighborhood,Treptow-Köpenick,#well-served,sultan-rent_stats_per_neighborhood-react
rent_stats_per_neighborhood,Neukölln,,sultan-rent_stats_per_neighborhood-react
rent_stats_per_neighborhood,Tempelhof-Schöneberg,,sultan-rent_stats_per_neighborhood-react
rent_stats_per_neighborhood,Marzahn-Hellersdorf,#well-served,sultan-rent_stats_per_neighborhood-react
rent_stats_per_neighborhood,Spandau,#well-served,sultan-rent_stats_per_neighborhood-react
rent_stats_per_neighborhood,Mitte,,sultan-rent_stats_per_neighborhood-react
rent_stats_per_neighborhood,Lichtenberg,#well-served,sultan-rent_stats_per_neighborhood-react
rent_stats_per_neighborhood,Reinickendorf,#well-served,sultan-rent_stats_per_neighborhood-react
rent_stats_per_neighborhood,Steglitz-Zehlendorf,#well-served,sultan-rent_stats_per_neighborhood-react
rent_stats_per_neighborhood,Friedrichshain-Kreuzberg,#well-served,sultan-rent_stats_per_neighborhood-rule_based
rent_stats_per_neighborhood,Pankow,,sultan-rent_stats_per_neighborhood-rule_based
rent_stats_per_neighborhood,Charlottenburg-Wilmersdorf,,sultan-rent_stats_per_neighborhood-rule_based
rent_stats_per_neighborhood,Treptow-Köpenick,#well-served,sultan-rent_stats_per_neighborhood-rule_based
rent_stats_per_neighborhood,Neukölln,,sultan-rent_stats_per_neighborhood-rule_based
rent_stats_per_neighborhood,Tempelhof-Schöneberg,,sultan-rent_stats_per_neighborhood-rule_based
rent_stats_per_neighborhood,Marzahn-Hellersdorf,#well-served,sultan-rent_stats_per_neighborhood-rule_based
rent_stats_per_neighborhood,Spandau,#well-served,sultan-rent_stats_per_neighborhood-rule_based
rent_stats_per_neighborhood,Mitte,,sultan-rent_stats_per_neighborhood-rule_based
rent_stats_per_neighborhood,Lichtenberg,,sultan-rent_stats_per_neighborhood-rule_based
rent_stats_per_neighborhood,Reinickendorf,#well-served,sultan-rent_stats_per_neighborhood-rule_based
rent_stats_per_neighborhood,Steglitz-Zehlendorf,#well-served,sultan-rent_stats_per_neighborhood-rule_based
sbahn,Friedrichshain-Kreuzberg,"#zero-sbahn-per-capita,#high-sbahn-density,#transit-rich-district,#infrastructure-heavy",sultan-sbahn-llm
sbahn,Pankow,"#low-sbahn-per-capita,#high-sbahn-density,#transit-infrastructure,#urban-planning",sultan-sbahn-llm
sbahn,Treptow-Köpenick,"#high-sbahn-density,#low-sbahn-per-capita",sultan-sbahn-llm
sbahn,Neukölln,"#low-sbahn-per-capita,#high-sbahn-density,#sbahn-rich-district,#transit-focused-area",sultan-sbahn-llm
sbahn,Tempelhof-Schöneberg,"#low-sbahn-per-capita,#high-sbahn-density,#transport-infrastructure",sultan-sbahn-llm
sbahn,Marzahn-Hellersdorf,"#low-sbahn-per-capita,#high-sbahn-density,#district-sbahn-stats",sultan-sbahn-llm
sbahn,Lichtenberg,"#low-sbahn-per-capita,#high-sbahn-density,#transit-rich,#dense-transit-network",sultan-sbahn-llm
sbahn,Reinickendorf,"#low-sbahn-per-capita,#high-sbahn-density,#suburban-sbahn-access,#public-transit-provision,#transportation-infrastructure",sultan-sbahn-llm
sbahn,Steglitz-Zehlendorf,"#low-sbahn-per-capita,#high-sbahn-count,#district-sbahn-analysis",sultan-sbahn-llm
sbahn,Charlottenburg-Wilmersdorf,"#low-sbahn-per-capita,#high-sbahn-density,#suburban-sbahn-count,#transit-rich-district,#infrastructure-heavy,#community-transit",sultan-sbahn-llm
sbahn,Spandau,"#low-sbahn-per-capita,#multiple-sbahn,#limited-access-sbahn,#infrastructure-heavy",sultan-sbahn-llm
sbahn,Mitte,"#low-sbahn-per-capita,#high-sbahn-density,#45-sbahn-district",sultan-sbahn-llm
sbahn,Friedrichshain-Kreuzberg,,sultan-sbahn-react
sbahn,Pankow,#underserved,sultan-sbahn-react
sbahn,Treptow-Köpenick,#well-served,sultan-sbahn-react
sbahn,Neukölln,,sultan-sbahn-react
sbahn,Tempelhof-Schöneberg,#underserved,sultan-sbahn-react
sbahn,Marzahn-Hellersdorf,#well-served,sultan-sbahn-react
sbahn,Lichtenberg,,sultan-sbahn-react
sbahn,Reinickendorf,#well-served,sultan-sbahn-react
sbahn,Steglitz-Zehlendorf,,sultan-sbahn-react
sbahn,Charlottenburg-Wilmersdorf,,sultan-sbahn-react
sbahn,Spandau,#well-served,sultan-sbahn-react
sbahn,Mitte,#underserved,sultan-sbahn-react
sbahn,Friedrichshain-Kreuzberg,#well-served,sultan-sbahn-rule_based
sbahn,Pankow,,sultan-sbahn-rule_based
sbahn,Treptow-Köpenick,#well-served,sultan-sbahn-rule_based
sbahn,Neukölln,,sultan-sbahn-rule_based
sbahn,Tempelhof-Schöneberg,,sultan-sbahn-rule_based
sbahn,Marzahn-Hellersdorf,#well-served,sultan-sbahn-rule_based
sbahn,Lichtenberg,,sultan-sbahn-rule_based
sbahn,Reinickendorf,#well-served,sultan-sbahn-rule_based
sbahn,Steglitz-Zehlendorf,#well-served,sultan-sbahn-rule_based
sbahn,Charlottenburg-Wilmersdorf,,sultan-sbahn-rule_based
sbahn,Spandau,#well-served,sultan-sbahn-rule_based
sbahn,Mitte,,sultan-sbahn-rule_based
ubahn,Friedrichshain-Kreuzberg,"#low-ubahn-density,#high-ubahn-number",sultan-ubahn-llm
ubahn,Pankow,"#zero-ubahn-per-capita,#low-ubahn-density,#limited-transit-access",sultan-ubahn-llm
ubahn,Charlottenburg-Wilmersdorf,"#low-ubahn-density,#high-ubahn-count,#ubahn-availability",sultan-ubahn-llm
ubahn,Neukölln,"#zero-ubahn-per-capita,#high-ubahn-density,#ubahn-rich-district",sultan-ubahn-llm
ubahn,Tempelhof-Schöneberg,"#low-ubahn-per-capita,#high-ubahn-density,#transit-rich",sultan-ubahn-llm
ubahn,Marzahn-Hellersdorf,"#no-ubahn-per-capita,#low-ubahn-density,#ubahn-rich",sultan-ubahn-llm
ubahn,Spandau,"#low-ubahn-density,#ubahn-rich,#suburban-transit",sultan-ubahn-llm
ubahn,Mitte,"#zero-ubahn-per-capita,#high-ubahn-density,#subway-rich,#ample-subways,#transit-heavy,#underground-network",sultan-ubahn-llm
ubahn,Lichtenberg,"#low-ubahn-per-capita,#few-ubahn",sultan-ubahn-llm
ubahn,Reinickendorf,"#low-ubahn-per-capita,#high-ubahn-count",sultan-ubahn-llm
ubahn,Steglitz-Zehlendorf,"#no-ubahn-per-capita,#low-ubahn-density,#ubahn-rich-district",sultan-ubahn-llm
ubahn,Spandau,#well-served,sultan-ubahn-react
ubahn,Reinickendorf,#well-served,sultan-ubahn-react
ubahn,Marzahn-Hellersdorf,#well-served,sultan-ubahn-react
ubahn,Pankow,#underserved,sultan-ubahn-react
ubahn,Mitte,#underserved,sultan-ubahn-react
ubahn,Tempelhof-Schöneberg,#underserved,sultan-ubahn-react
ubahn,Friedrichshain-Kreuzberg,#well-served,sultan-ubahn-rule_based
ubahn,Pankow,,sultan-ubahn-rule_based
ubahn,Charlottenburg-Wilmersdorf,,sultan-ubahn-rule_based
ubahn,Neukölln,,sultan-ubahn-rule_based
ubahn,Tempelhof-Schöneberg,,sultan-ubahn-rule_based
ubahn,Marzahn-Hellersdorf,#well-served,sultan-ubahn-rule_based
ubahn,Spandau,#well-served,sultan-ubahn-rule_based
ubahn,Mitte,,sultan-ubahn-rule_based
ubahn,Lichtenberg,,sultan-ubahn-rule_based
ubahn,Reinickendorf,#well-served,sultan-ubahn-rule_based
ubahn,Steglitz-Zehlendorf,#well-served,sultan-ubahn-rule_based
universities,Pankow,"#low-university-density,#limited-university-access,#two-universities",sultan-universities-llm
universities,Lichtenberg,"#low-university-density,#few-universities,#university-scarcity",sultan-universities-llm
universities,Steglitz-Zehlendorf,"#low-university-density,#sparse-universities,#limited-higher-ed,#under-served-education,#under-resourced-district,#few-academic-centers",sultan-universities-llm
universities,Friedrichshain-Kreuzberg,"#low-university-density,#university-scarce,#limited-higher-education,#few-universities,#two-universities,#under-universitied",sultan-universities-llm
universities,Treptow-Köpenick,"#low-university-per-capita,#limited-university-access,#two-universities-district",sultan-universities-llm
universities,Neukölln,"#low-university-density,#single-university-district,#scarce-higher-education",sultan-universities-llm
universities,Tempelhof-Schöneberg,"#low-university-district,#single-university-district,#rural-university-access,#limited-higher-ed,#sparse-university-presence,#under-resourced-higher-ed",sultan-universities-llm
universities,Marzahn-Hellersdorf,"#low-university-density,#single-university-district,#university-scarce",sultan-universities-llm
universities,Charlottenburg-Wilmersdorf,"#universities-high-density,#universities-many,#universities-per-area",sultan-universities-llm
universities,Mitte,"#high-university-density,#under-universities-per-capita,#university-rich-district",sultan-universities-llm
universities,Marzahn-Hellersdorf,#well-served,sultan-universities-react
universities,Friedrichshain-Kreuzberg,#well-served,sultan-universities-react
universities,Treptow-Köpenick,#well-served,sultan-universities-react
universities,Pankow,#underserved,sultan-universities-react
universities,Mitte,#underserved,sultan-universities-react
universities,Tempelhof-Schöneberg,#underserved,sultan-universities-react
universities,Neukölln,#underserved,sultan-universities-react
universities,Charlottenburg-Wilmersdorf,#well-served,sultan-universities-react
universities,Steglitz-Zehlendorf,#well-served,sultan-universities-react
universities,Pankow,,sultan-universities-rule_based
universities,Lichtenberg,#well-served,sultan-universities-rule_based
universities,Steglitz-Zehlendorf,#well-served,sultan-universities-rule_based
universities,Friedrichshain-Kreuzberg,#well-served,sultan-universities-rule_based
universities,Treptow-Köpenick,#well-served,sultan-universities-rule_based
universities,Neukölln,,sultan-universities-rule_based
universities,Tempelhof-Schöneberg,,sultan-universities-rule_based
universities,Marzahn-Hellersdorf,#well-served,sultan-universities-rule_based
universities,Charlottenburg-Wilmersdorf,,sultan-universities-rule_based
universities,Mitte,,sultan-universities-rule_based
venues,Lichtenberg,"#low-density,#high-venue-count,#community-resources,#event-space,#public-amenities,#local-business",sultan-venues-llm
venues,Friedrichshain-Kreuzberg,"#high-venue-density,#1279-venues,#abundant-amenities",sultan-venues-llm
venues,Neukölln,"#low-venue-density,#high-venue-count",sultan-venues-llm
venues,Tempelhof-Schöneberg,"#low-venue-density,#high-venue-count",sultan-venues-llm
venues,Marzahn-Hellersdorf,"#low-venue-density,#high-venue-count",sultan-venues-llm
venues,Charlottenburg-Wilmersdorf,"#low-venue-density,#high-venue-count,#urban-centric,#abundant-amenities,#well-serviced,#population-dense",sultan-venues-llm
venues,Mitte,"#high-venue-density,#dense-venue-network,#abundant-venues,#saturation-point,#venue-rich,#exhaustive-coverage",sultan-venues-llm
venues,Pankow,"#undersupplied-venues,#venue-rich-district,#high-venue-density",sultan-venues-llm
venues,Reinickendorf,"#low-venue-density,#high-venue-count",sultan-venues-llm
venues,Steglitz-Zehlendorf,"#low-venue-count,#high-population-density,#sparse-entertainment,#service-based-economy",sultan-venues-llm
venues,Treptow-Köpenick,"#high-venue-density,#low-population-density,#suburban-venue-mix,#community-focused",sultan-venues-llm
venues,Spandau,"#low-venue-density,#high-venue-count,#district-performance",sultan-venues-llm
venues,Spandau,"#well-served,#high-variability,#wide-value-range",sultan-venues-react
venues,Reinickendorf,"#well-served,#high-variability,#wide-value-range",sultan-venues-react
venues,Marzahn-Hellersdorf,"#well-served,#high-variability,#wide-value-range",sultan-venues-react
venues,Pankow,"#underserved,#high-variability,#wide-value-range",sultan-venues-react
venues,Mitte,"#underserved,#high-variability,#wide-value-range",sultan-venues-react
venues,Tempelhof-Schöneberg,"#underserved,#high-variability,#wide-value-range",sultan-venues-react
venues,Friedrichshain-Kreuzberg,"#high-variability,#wide-value-range",sultan-venues-react
venues,Charlottenburg-Wilmersdorf,"#high-variability,#wide-value-range",sultan-venues-react
venues,Lichtenberg,"#high-variability,#wide-value-range",sultan-venues-react
venues,Steglitz-Zehlendorf,"#high-variability,#wide-value-range",sultan-venues-react
venues,Treptow-Köpenick,"#high-variability,#wide-value-range",sultan-venues-react
venues,Neukölln,"#high-variability,#wide-value-range",sultan-venues-react
venues,Lichtenberg,,sultan-venues-rule_based
venues,Friedrichshain-Kreuzberg,#well-served,sultan-venues-rule_based
venues,Neukölln,,sultan-venues-rule_based
venues,Tempelhof-Schöneberg,,sultan-venues-rule_based
venues,Marzahn-Hellersdorf,#well-served,sultan-venues-rule_based
venues,Charlottenburg-Wilmersdorf,,sultan-venues-rule_based
venues,Mitte,,sultan-venues-rule_based
venues,Pankow,,sultan-venues-rule_based
venues,Reinickendorf,#well-served,sultan-venues-rule_based
venues,Steglitz-Zehlendorf,#well-served,sultan-venues-rule_based
venues,Treptow-Köpenick,#well-served,sultan-venues-rule_based
venues,Spandau,#well-served,sultan-venues-rule_based
